x,y
-0.64901,2.8005
1.1812,0.023066
-0.75845,-0.54721
-1.1096,-0.12946
-0.84555,-0.36262
-0.57266,-0.9659
-0.55868,-1.5501
0.17838,0.94762
-0.19686,-1.811
0.58644,2.6938
-0.85189,2.0831
0.80032,1.5259
-1.5094,-0.93848
0.87587,1.4314
-0.24279,-0.77641
0.16681,0.73355
-1.9654,-0.72426
-1.2701,-1.6568
1.1752,-0.10245
2.0292,0.57621
-0.27516,-0.44554
0.60366,0.54941
1.7813,-1.7845
1.7737,1.5382
-1.8651,-2.5415
-1.0511,-0.80035
-0.41738,-0.61567
1.4022,0.02824
-1.3677,-1.2742
-0.29253,-2.1872
1.2708,-1.127
0.066009,0.46709
0.45129,0.74763
-0.32221,-1.0412
0.78841,-0.54719
0.92874,-1.1121
-0.49079,3.3273
1.7972,0.21285
0.5907,0.5261
-0.63579,-0.23856
0.60335,-0.43021
-0.53525,-0.99777
-0.15508,3.0683
0.61212,0.65273
-1.0443,0.27294
-0.34563,-0.24579
-1.1714,-0.17725
-0.68559,-0.058547
0.92622,-1.0445
-1.4817,-1.8056
-0.55806,-0.50418
-0.028453,-0.36694
-1.4763,-1.5386
0.2589,-1.5283
-2.0187,0.76894
0.19974,-0.3146
0.42586,-0.72887
-1.27,-1.1585
-0.48522,0.54162
0.59431,-1.7497
-0.27646,-1.4363
-1.8576,0.19719
0.040731,0.95246
0.28297,0.95969
0.063561,1.2177
0.43343,-3.3666
0.42286,0.76721
1.2995,2.6535
-1.0498,-2.2461
-1.7864,-1.8088
0.81604,0.61971
-0.32821,-0.92135
-1.2146,-0.10101
1.1118,-2.8299
-0.5075,-2.8276
0.89873,1.1467
0.37722,2.1607
1.4524,2.928
0.44695,2.2716
0.64582,-0.96083
-0.62368,-2.6144
-0.59524,-2.1474
1.6113,1.1377
-0.349,0.66269
0.16417,0.25071
-1.6366,0.29956
0.58137,-0.34326
-0.12891,1.224
0.43286,-1.9227
-0.24511,-2.2339
-1.0854,-1.1205
1.6808,1.2195
0.17641,4.6523
-2.0714,-1.9654
0.21109,-0.4079
-0.58285,-0.72093
0.018169,-0.88927
1.4948,-0.7708
-0.4248,-0.18463
1.6862,0.29444
0.36549,2.4519
-1.0971,0.54989
1.9302,3.0485
0.62294,-1.7085
0.65728,0.62633
-1.4634,-3.4532
0.85394,1.957
0.58049,-2.1478
-0.9186,-1.8727
0.79487,0.076233
0.51754,-0.11971
0.49461,-0.89019
0.66393,-1.2241
-0.71017,-1.5311
-1.3068,-1.5598
-0.74159,3.9088
-1.4677,-2.9382
-0.39167,1.4238
0.84166,-1.1274
0.082784,-1.9397
0.31467,-0.57997
0.78981,-0.35675
-0.80122,-0.64953
-0.32565,1.6175
0.28468,0.9333
1.3096,0.26237
0.16037,0.017123
-2.1182,0.24559
0.70708,1.4558
-1.0434,-1.569
1.0682,-0.33164
-0.31723,1.5629
1.4797,0.077259
0.69909,0.31093
0.1591,-0.82372
-0.94548,2.2096
-0.79301,-0.46883
-2.0492,-1.1772
-2.3588,-2.6881
-1.6593,-0.94511
-0.95812,-1.0484
0.22573,-1.2096
0.21767,-2.0948
-0.82324,-0.4089
-1.0128,1.2808
1.2153,2.5152
0.15628,0.089084
-0.40026,0.37726
-0.44178,-0.50422
0.4481,-1.0681
-1.6646,-3.0126
0.21489,1.0318
0.54956,1.9668
1.3923,-0.98332
-0.61923,-0.77153
-0.012601,0.55789
0.77361,-0.53636
1.6292,1.5667
-1.41,0.010498
-1.7473,-0.46291
-0.47225,1.307
-0.060088,1.8204
0.43888,0.40559
0.20122,2.0539
-0.5833,-0.49385
0.7648,1.0272
0.14077,1.7926
-0.37294,0.50387
0.10547,-1.0236
1.2706,1.2872
0.49913,-0.55969
-0.39702,-1.2143
-1.79,-0.54411
-0.26689,-2.7861
0.17843,0.080122
-0.43419,1.1072
0.46451,-0.11269
-1.1214,-3.0774
-0.35908,-0.36848
0.53227,1.9515
-1.6435,-0.05499
0.4669,0.74771
0.11211,-1.3803
1.4965,-0.32719
-0.5865,-0.40402
-1.7189,1.9361
0.74104,-0.89493
1.0877,1.1442
0.75667,0.40389
1.6297,-1.614
-1.375,1.943
-1.052,-1.4507
0.47752,1.1811
1.2222,1.6916
2.3707,1.6765
0.11459,0.69351
0.27907,-0.99402
0.75208,-0.4145
-0.26026,0.43091
-0.025993,-0.47096
0.096724,0.81669
0.14414,2.1695
1.8562,-0.44694
1.1003,2.7627
-0.36411,-0.43462
0.47199,3.3555
-0.83911,-0.076073
-0.52363,1.3389
-1.3888,-0.77474
0.004248,0.073561
-1.4048,-1.8836
2.629,0.82456
0.81953,-0.47722
-1.4434,-2.65
-0.49973,-4.333
-0.51796,-1.5995
-1.8027,-2.4914
0.98844,2.5594
-0.36075,-2.8955
1.1327,-0.67932
0.40902,1.0229
0.81912,2.5329
0.31966,-0.42243
2.415,-0.53659
-0.11403,0.78365
0.11802,0.73082
0.99969,0.026668
-0.35766,-0.28902
-0.055026,0.6414
0.24146,-0.28533
-2.7352,-0.53949
0.19351,1.8467
-0.1454,0.92205
1.4546,-0.10224
-0.39669,3.0135
1.7289,0.94145
0.25189,0.55094
-0.61855,0.23184
0.97633,1.7471
0.13099,-0.81709
-0.36436,-0.44338
-0.093312,1.4566
0.48981,1.2416
1.4014,2.2483
-0.27422,2.2828
0.67582,-1.0055
0.19058,-1.2219
0.67036,1.0469
0.20836,1.3044
0.32787,0.56455
-0.8232,0.38774
0.33191,-0.63219
0.34391,-0.70408
0.37975,0.2158
1.0889,0.20598
0.99486,0.75629
0.20861,0.64999
-0.39919,-1.9275
0.50601,0.24856
-0.12776,2.7855
-0.25492,-1.0165
-0.078043,-2.0267
-0.31465,0.43381
-0.30842,-0.15519
0.40127,-1.1224
-0.12942,3.4463
1.3277,0.67265
0.67079,1.5986
-0.69171,-1.2317
-0.049218,-2.304
-0.32673,-0.96704
0.30325,-0.30514
2.0565,2.6495
1.7072,0.037188
0.51074,-0.036899
-0.18769,1.0014
-0.58943,-0.056084
1.1433,-0.21886
0.13037,-1.9658
0.58646,1.8323
0.1034,1.5623
0.26454,1.6847
0.054799,1.425
0.22125,1.4752
0.091006,1.1751
-0.15012,-1.5585
-0.5613,-1.0639
-1.7992,-0.39416
-0.47073,1.944
-0.90259,0.32328
0.54784,-0.91097
-0.73521,0.78452
1.4759,2.9439
0.50582,-0.41044
0.69266,-0.98093
0.13488,-0.70324
-1.0688,0.50503
-0.16759,1.6794
-0.46288,0.26912
-1.2636,-2.8552
0.42039,-0.17011
-0.32432,-2.0191
1.3411,3.6224
1.2137,2.3412
-0.50278,-0.2542
-1.1164,-0.94064
-0.92207,-2.2062
-0.0010418,-0.59768
0.15349,-1.9833
-0.90397,0.52821
-0.93833,-0.45565
0.43389,-1.3082
-0.15315,-1.5678
0.40244,-0.7299
-0.65255,-0.72167
-1.9577,-1.9956
0.067693,-1.0149
-0.04732,0.48803
-0.69692,-2.408
0.45755,0.17093
0.079304,2.4172
0.47959,0.8595
-2.3604,-2.7971
0.44401,-2.1451
-0.32499,-0.95217
0.097206,0.86056
1.1148,-1.2986
-1.1571,0.67535
-0.47571,-1.8227
0.52258,-2.7613
0.88714,2.1986
0.016548,2.0037
0.90254,-1.8226
1.1548,-0.11594
0.87253,2.5983
-0.46916,-1.5215
0.59653,-1.147
0.83609,1.1991
0.30449,2.0766
1.1553,-0.92311
-1.5715,-0.88746
1.6365,1.7486
0.55483,-2.1535
-0.58543,-2.0372
-0.51044,2.7952
0.4927,-0.70857
-0.65083,-2.1217
0.92687,0.89756
-0.18812,-0.35782
0.32083,-2.057
1.4203,1.3054
-1.19,-1.3507
-0.92844,-1.4092
1.3096,2.4658
0.11535,-2.8838
2.8281,2.8272
0.2741,1.3799
0.11569,2.339
-1.0704,-2.9701
-0.7097,-1.3891
-1.5131,-2.6341
-1.137,1.5382
1.2722,3.077
-1.1441,-0.36831
-0.52616,-1.4982
1.5782,-0.95749
0.57864,0.52915
0.57857,-0.37258
-1.4228,-1.6826
-0.19039,-1.5162
0.18602,-1.7255
1.484,0.74142
-0.67947,-0.38155
-0.53006,-0.26913
-0.85949,0.72576
1.3064,1.7648
-0.08633,0.76674
-2.1504,-0.90244
0.025232,-0.09203
-1.1356,0.82522
0.71495,1.6487
-0.61684,-1.5601
-0.95546,1.2864
0.13556,-2.2774
0.63797,0.64767
-0.36698,0.16238
1.0614,2.9715
0.056378,-0.49737
0.085413,-1.915
1.836,1.5407
0.67536,-3.1288
-1.5458,-1.1161
0.35363,2.3915
-0.09244,0.24003
0.63839,-0.60096
-0.86296,1.1617
-0.88645,1.8477
-1.2232,0.041476
-0.18564,-1.1513
-1.7205,-1.0383
0.1518,3.6766
0.81651,1.162
0.5778,0.87463
1.0639,1.2003
-0.80324,-1.3941
0.79863,-0.75328
-0.31509,0.62135
1.1861,0.11079
0.084939,-0.40243
-1.425,-0.024698
-1.4541,0.24935
-1.8093,-2.3012
-1.4629,0.15645
-0.13807,-0.74703
-1.0056,-0.24537
-2.7333,0.41851
1.6924,1.2326
-0.28339,-0.28308
1.1221,1.3071
-0.30695,-0.17882
-0.16853,-0.22828
-0.081308,0.72522
-0.037718,2.7085
2.0914,1.17
-0.41063,-1.8387
2.9576,1.9373
-1.6874,-1.7899
0.29026,-1.4935
-1.4694,1.0762
0.44906,-2.0555
-1.6959,-0.53895
0.060461,0.008397
-1.1476,-2.1276
1.9939,0.44937
0.92089,-2.2837
1.6227,1.2455
-0.48755,1.5177
-1.1956,-2.7265
-1.4195,-3.2887
0.46822,0.32266
1.3299,1.8282
2.3047,2.3474
0.85143,-0.096711
0.52184,-1.0763
3.2013,1.386
-0.33045,-0.61951
-0.89636,2.6647
-0.99395,-1.1219
-1.8717,-2.5595
1.4979,1.0383
-1.6324,0.83988
-0.85182,0.87143
1.0774,1.1353
-0.4401,-0.37519
3.328,2.7974
0.1038,-1.7344
-0.77308,-0.9373
0.67737,1.1613
-0.69682,3.5793
-0.075351,-1.5104
0.026019,-0.31822
2.0055,-2.6996
-1.1296,-0.79297
0.65424,-1.2357
1.4192,2.4001
-0.82561,0.24779
0.053107,-3.1003
-0.85585,-1.9549
1.7681,3.6751
0.18287,-0.26589
0.43102,0.40412
-0.22882,1.5406
0.394,2.2608
-0.52587,-0.70823
-2.447,-2.4917
0.15525,0.28096
-0.83408,-1.0269
0.078468,-2.593
1.3127,1.39
-0.13512,-0.88464
-1.41,-0.45409
-0.1627,0.34413
2.1098,2.1905
1.4626,1.1202
0.91411,-0.28052
1.5121,-1.4231
-0.45416,-1.45
-1.1394,-1.3126
-0.7055,0.55247
-0.3311,0.90317
-1.5208,-2.0317
0.16528,-2.3117
-0.48787,-1.53
0.58697,0.51904
-0.90337,0.0002531
0.37101,0.30319
-1.2601,-1.4318
0.22289,0.55969
-0.41306,-0.83509
-1.0167,-0.36744
-0.32602,1.9217
0.2835,0.96926
-0.011569,0.32654
0.036267,-0.3566
-1.0983,0.52852
0.37568,3.0501
0.17005,1.8295
1.1397,0.90828
1.6575,0.4429
0.33825,-1.0232
-1.819,-1.4916
-0.80227,-1.2587
-0.57442,-0.60232
-0.23426,0.050544
-0.3052,-1.5576
1.6394,-0.4692
-1.8972,-1.7911
1.3185,-0.13401
0.53236,0.30494
0.6016,0.34847
0.46719,2.2338
0.20818,1.6215
-0.057599,-0.26071
-3.0652,0.030322
-0.61249,-1.7233
-0.016162,0.28382
0.7769,0.21587
-0.090006,2.8419
-0.14879,2.1802
-0.88777,-2.0691
-0.77609,-0.77551
0.62923,-0.81695
-1.3158,-0.692
0.89874,1.3088
-0.82513,-3.5334
-0.5755,-2.1544
0.025326,0.91692
0.56257,2.2836
-0.1721,0.30068
-0.64815,0.41387
-0.15314,-0.70582
0.017124,1.682
0.82781,1.4918
0.69892,0.79969
-1.0062,-1.9091
-2.2442,-0.17029
0.1023,1.5772
0.90181,1.5527
-3.0058,-0.14551
0.65924,-0.32475
0.76034,1.4386
-0.16992,-0.99759
0.70862,1.5726
0.62876,-2.2843
-0.76357,0.39531
1.1877,0.67518
1.164,-1.1518
0.43791,1.5571
0.76436,-0.24732
0.17209,2.7831
-0.63598,-1.3959
0.26363,1.9033
0.55799,1.9678
-0.32351,-1.2047
0.23893,4.1126
-0.66854,2.0229
0.54218,0.10192
-0.73494,-1.4641
0.61639,-1.3932
-0.2288,2.1745
0.821,-0.93223
-0.15523,3.2723
-1.3083,-0.9911
0.77757,1.9347
-1.1801,1.3171
0.28778,-1.7104
0.44929,0.39117
-0.53607,0.36876
-0.92097,-1.1804
-0.6865,-3.5275
-1.0929,-1.9548
-0.48899,1.8511
-0.91877,-3.5616
-2.0317,-3.787
0.63901,0.9364
1.1359,0.74456
-0.78561,-0.47852
-1.0122,-1.2387
-1.0084,-0.18537
1.5212,2.1791
0.66327,-0.53153
0.071216,2.1891
-0.58443,-0.7365
1.0146,0.61581
-0.22694,0.4603
0.64405,-1.0144
0.20088,1.4494
-0.029035,0.74501
-0.99231,-0.27783
1.9836,-0.32305
-0.93956,0.69628
-1.6095,-1.5657
-0.21979,1.1274
-0.27741,-3.3275
-0.88015,-1.3608
0.58393,0.59458
-0.36393,0.65817
0.41669,0.21939
1.2868,3.4486
-1.4039,2.202
0.44425,0.17288
1.4409,2.0473
0.33288,0.17223
0.516,1.5268
-0.23206,-2.0602
0.60235,-1.1411
0.61254,1.9448
-0.39201,1.21
0.71083,-0.32626
-1.8948,-0.64555
1.3583,0.20562
-0.9118,-1.4415
-0.14964,-0.36344
-0.40114,-1.1397
-0.57758,-3.3091
2.0039,0.99836
-0.50964,0.42126
0.088893,0.60573
-0.019698,0.25225
-0.73807,-0.97632
-1.1522,-1.4876
-1.9476,0.6631
0.026296,0.36304
-0.82589,-1.6351
-0.71799,-0.91323
-1.941,-0.18596
0.98755,-0.38804
-1.6631,-2.6662
2.0633,-0.2687
-2.082,0.21368
0.27316,0.63989
-2.3767,-1.5761
0.37947,1.3803
-0.99132,-0.495
0.094217,-0.31163
0.6438,-2.1034
-0.78296,0.028607
0.14862,-0.37416
-0.92078,-0.26819
1.1911,4.7561
0.98094,-0.84253
-0.72343,1.2332
2.3344,2.3001
-2.5512,-3.1127
0.90251,2.0492
0.22713,2.1302
-0.35125,0.14209
0.52746,1.1414
0.87485,-1.3776
3.0681,3.5469
-0.61888,-0.74009
0.75752,-3.4036
1.0286,1.5182
0.05284,1.5329
0.21086,2.7281
1.1525,-1.8899
-0.35229,-3.1782
0.51556,0.49654
0.96218,0.38945
0.38716,1.4279
-0.2252,2.0657
0.24943,1.7355
-1.916,-0.20118
0.71121,3.1169
1.5629,-0.10935
-0.82538,-3.191
-0.56813,0.61711
-0.72367,-1.3872
-1.009,-0.88989
0.73051,0.94205
0.08521,0.11447
-0.42797,-0.67562
-0.59636,-2.3947
-0.7456,-0.35695
0.64289,-1.4538
-0.19315,1.5328
-0.12576,0.67963
-0.073857,-2.6283
1.1222,2.4917
-0.25294,1.3425
-0.39501,-2.2267
0.3939,-1.1642
-0.67854,-0.48004
-0.16574,-0.75503
-0.50915,-0.034165
0.48916,0.85963
1.2261,1.6663
-0.15218,-2.0908
0.83897,2.696
-0.066415,-0.99922
0.88203,2.858
-0.6145,0.98963
-0.11319,0.13217
0.75223,0.70529
0.50225,-0.9297
1.7715,0.33198
0.025691,-2.3203
-0.005188,-0.95795
1.0344,-0.82158
-1.6026,-0.93199
0.32243,0.8261
2.312,-0.73605
0.025913,-0.49126
-0.50997,-2.3284
1.3905,0.86772
-1.4576,-0.32448
0.66631,0.87658
0.22473,1.6568
2.0988,0.80249
0.47945,0.68382
0.65031,-0.84388
-1.7261,-3.6234
1.6037,0.46602
-0.54618,-3.6414
-0.51032,2.2137
2.0987,2.3015
1.0218,-1.855
-0.20403,0.31776
-1.149,-1.2079
1.0573,2.9788
-0.070703,-0.075338
-1.6616,0.64788
1.7255,0.81134
0.98113,-0.1411
-0.018408,-0.99282
1.3002,-1.7829
-0.28201,-0.7121
0.24248,0.29562
-0.27355,-0.29601
0.018418,1.9968
-1.5374,-1.8735
2.5413,0.60625
-0.42599,-1.839
-1.3051,-0.43817
-0.60764,-1.4521
-1.882,-2.5525
0.38912,1.842
0.027765,-0.45339
0.014656,0.51932
1.4767,-1.1289
0.2532,-1.073
0.65349,-2.4674
-0.16508,1.102
0.53632,-2.1105
-0.55925,-0.25875
-0.43161,-3.783
-1.8708,-2.0151
-0.47318,1.3754
-1.1951,-0.36884
-0.2947,1.8695
0.71194,0.90863
-0.31718,-2.7697
1.3456,0.47482
0.43157,-1.2945
-0.29022,-0.62404
0.80478,0.33763
0.3495,0.47
-0.67494,-0.74424
1.1598,0.8337
-0.038383,-0.27997
-0.49773,-0.2783
-0.16546,-1.3433
0.25528,-2.5928
-0.51403,0.78574
1.0498,0.30875
-0.29701,0.25829
0.20754,0.39357
-0.016294,2.3899
0.8854,1.7696
1.7003,0.80125
-1.692,-1.7525
0.1871,0.53428
1.2994,1.5316
-0.17734,0.34856
1.2669,2.4964
-0.64295,1.4427
0.58898,1.064
0.49173,0.92361
-0.31779,-1.3337
-1.0803,0.75899
-0.23669,1.0269
1.0375,3.4206
-0.50567,1.3233
1.1492,1.1257
-1.6583,-2.6269
-0.65855,-0.92235
-1.1747,2.2701
0.40598,2.4189
0.56116,0.6619
0.76368,0.50255
-0.25125,-0.64343
0.58027,0.50839
-0.85969,-0.11566
-0.24169,-2.8187
-0.23538,1.1129
-0.51847,-2.5576
-0.94976,-2.4727
0.23959,-0.021753
0.55873,0.96396
0.35034,-2.0634
0.27518,-2.444
-1.0817,1.729
-1.5347,0.085498
0.024216,2.203
1.5714,0.80512
-2.0382,-1.5993
-0.2052,-0.67164
-0.17902,0.10412
-0.010316,0.27431
-1.2444,0.68563
-0.70439,0.055683
-1.0943,-0.32082
1.1291,0.036995
1.1184,-0.38958
-0.22527,-0.9497
0.071858,-0.56523
-1.3792,-0.055723
0.029911,0.75518
-0.39748,-0.12686
1.6918,0.13032
0.75512,-2.388
0.52388,1.0901
-0.47437,2.5763
-0.01975,-3.3918
3.138,1.3103
1.5527,2.2105
0.062457,0.7935
0.44626,-0.18181
0.21611,0.41586
-0.16501,0.44249
-0.26118,0.93981
0.12839,0.015896
0.84284,0.36998
0.76431,-0.25497
0.22026,-0.671
1.0406,-1.2613
-1.3248,0.099253
0.6355,0.97932
-1.6774,-0.26795
-0.31441,-2.2216
-0.59696,-0.56878
0.41757,-0.80119
-2.3045,-1.2569
-0.77505,3.2839
-1.6207,-0.97364
0.42763,0.12492
0.23606,1.8975
-0.17907,1.4249
-0.20645,-0.92708
1.2189,2.9464
-0.039144,2.0906
0.078823,-1.4319
-0.68411,-0.29274
0.10821,0.87934
-0.19316,-0.58265
-0.18183,-0.23116
-0.40038,0.84793
-0.20964,-1.9372
-0.10375,-0.69128
1.3308,1.2083
-0.54198,-1.609
0.97911,2.8398
0.27554,0.86239
1.4491,2.4664
-0.30701,-0.11963
-0.72671,-2.2724
1.2789,3.5606
-2.7642,-0.8775
-0.56817,-0.1152
2.7633,3.2613
0.060634,3.9417
-2.0634,-1.0717
0.03064,0.47934
0.32629,3.1155
0.73146,0.81397
1.3549,-2.4012
-0.21532,0.34404
0.53649,0.51514
0.57438,-0.24047
-0.015417,-3.1008
0.059954,1.1722
-0.91766,1.3882
-0.52429,1.0883
-1.0504,-2.6734
0.30608,-0.89829
-0.05759,1.4771
-0.17782,-0.4963
1.4819,0.2908
0.13151,-2.9423
-0.052032,-1.8285
-0.55009,-2.4286
-1.734,-1.5685
-0.38742,0.86936
-2.3651,-0.070597
-0.57126,1.4746
0.010069,-0.2606
1.2557,1.3206
-0.82076,-0.56667
0.30546,-3.0548
-2.9113e-05,-1.4555
-2.2438,-2.381
-1.8633,0.14481
-0.19561,0.68953
1.2257,-0.54507
-0.60355,-0.014969
0.6782,1.1664
-0.72632,-1.1134
-1.0727,-1.1134
-1.3025,-0.44616
-0.22962,-1.3776
-0.65665,2.038
0.38152,2.804
-1.4488,0.24356
-0.97811,-1.9436
-1.2244,-0.40768
-1.0771,0.37746
0.62358,1.4193
-0.4579,-0.93642
-0.56176,0.91355
0.13621,-0.75167
1.0215,0.89227
1.9361,2.3914
1.5614,2.6992
1.359,-0.12266
-1.8648,-0.89021
-1.7171,-1.3456
-0.061872,-0.35196
-0.70529,1.7273
1.1074,1.5853
-0.044768,3.162
0.11854,-1.3157
0.87822,-0.35117
-0.079947,-2.2125
0.59015,-0.53983
-0.55475,-0.95497
-0.61567,0.23171
-0.68904,-0.59264
0.11654,0.44591
-0.8556,-2.7422
0.79691,-1.2046
-2.4642,-1.9278
-0.47459,-0.46147
0.56304,-0.17501
-0.55289,1.9207
-0.29493,-1.484
0.12495,-0.68981
0.10907,-1.3511
-1.1198,-1.2748
0.47295,-0.38785
1.7786,1.2939
0.80002,-1.5805
-0.65802,-0.86665
0.10785,1.2903
-0.51731,0.85109
0.11984,-1.9954
1.9309,-0.20126
-0.53268,-1.1346
0.92254,0.80412
-1.0367,-1.8029
0.27965,0.26609
-0.52311,-1.7062
0.54627,1.8426
0.70533,0.03751
0.46846,1.2898
-0.10002,-2.4314
-1.0679,-1.8121
-2.5887,-2.3828
-0.44882,0.41415
-1.4403,-0.18168
0.93478,3.1287
0.37598,-0.77242
-0.25127,0.67536
0.49686,0.64505
0.092671,0.27812
-1.9643,-0.20133
-0.40111,-1.5245
-1.0939,-1.805
-0.6783,-0.63039
-1.97,-0.22051
0.30721,-0.90946
0.04692,-0.34617
0.21587,0.11969
-0.23729,0.52656
1.666,0.096094
-0.22297,2.3356
-1.3709,1.2773
0.85611,-1.2855
0.72193,1.2759
0.71289,0.048023
0.64442,0.92808
-1.2945,-0.87376
-0.82793,-0.30183
-0.56477,-1.605
-0.22896,1.383
0.85572,-2.0339
-1.3018,-0.58571
-0.073907,-0.088185
-2.1976,0.38029
0.86401,0.4627
0.64533,1.6713
-1.194,-1.0888
-0.034896,-1.2168
-0.71279,1.057
2.619,1.1068
2.7946,1.6703
0.62913,0.70257
1.8258,1.6612
-0.15124,0.1537
1.0989,0.18648
-0.35064,-1.2871
-1.1811,-0.20393
1.6137,2.8423
0.41202,-0.58668
-1.3478,-0.97046
1.3854,2.1467
0.70046,0.58525
0.3222,0.48446
0.17434,-0.78209
-0.73382,-0.18833
0.22769,0.94933
1.1973,-0.74086
-1.4364,2.2595
-1.5696,-2.4661
1.1465,1.6186
0.45434,-0.48824
0.14218,-0.92217
-0.80043,-0.99686
-1.1569,-1.8605
0.90795,0.35768
-0.31883,-1.1786
-1.3672,0.51964
0.5563,2.1344
-0.70603,0.6961
1.1493,2.6375
1.3797,-0.70781
-0.017873,-1.3335
0.26801,-1.0949
0.033642,-0.25072
0.38838,-0.85913
0.6891,1.1997
-0.8786,2.4903
1.0702,1.225
0.16491,-0.44751
-1.3851,-3.3203
-0.99082,-1.6884
0.37842,4.0787
-1.2994,-1.549
-0.98346,-0.022019
-1.0064,1.2319
1.5848,1.4728
0.48358,-0.32494
0.95962,-0.35558
-0.54597,1.2048
0.2654,-0.76511
0.33707,-0.46318
0.37595,-0.19895
-1.0493,1.6007
1.0739,1.8013
1.4007,-0.60505
0.078071,-0.75558
-1.1111,0.70429
0.92983,1.9116
-1.4069,-4.1143
-0.49044,1.2577
0.79646,1.0114
0.32072,0.11909
1.825,2.3768
0.12584,-2.7328
1.2833,0.088432
0.94028,-1.3998
-0.91269,0.06433
-0.53783,-0.56662
0.27304,0.14172
-0.18887,-1.3111
-2.04,-0.0064784
0.54394,-1.7101
-0.98905,-1.5763
-1.3857,-0.32684
1.0553,1.9026
-1.7633,-0.91303
-0.91417,0.37297
-2.5659,-3.0799
1.4273,-1.2214
0.098617,-1.6341
-0.67137,-0.4028
0.86069,1.9447
0.033095,-0.82043
-0.17783,-0.48924
0.47108,-0.99149
-0.71469,-2.0038
-1.0254,0.80296
-0.63126,-1.9403
-0.37078,2.1796
0.50367,-1.277
0.33458,-0.018526
-1.2109,-2.061
2.2028,2.6737
0.73961,0.3997
0.51102,2.5978
0.60955,-1.6225
-1.2498,-0.75787
-0.069658,1.1316
-0.19467,2.0628
0.40809,0.49216
-0.13123,-1.5582
0.34506,1.9958
0.56766,1.7499
0.68284,0.68604
0.23988,0.1191
-2.5507,1.4356
0.4555,-1.8853
1.1031,-0.50571
1.4604,0.87967
-1.1479,-1.292
-1.1294,-1.8427
-0.42935,-1.4922
-0.57555,1.142
1.1401,-0.08639
0.27973,0.14982
0.77732,1.3955
-0.067074,0.9501
-1.1278,-1.6774
-2.2283,-3.2873
-0.57848,-0.49307
-1.6413,-1.1183
0.77695,2.354
0.37265,-0.60281
0.65408,-0.1387
-0.017981,-0.90849
-0.76411,-1.7098
-0.63058,-1.6795
-0.12316,-0.46244
-0.76338,-1.9505
-1.4314,-0.098478
1.0923,1.2522
0.97465,-1.5444
-0.54874,1.7972
0.66093,0.029553
-0.27472,0.7403
1.5417,1.3713
0.45062,-0.63506
0.36228,1.0675
-0.81058,1.3377
0.15697,0.95285
0.47419,-0.4553
-0.59352,-0.69551
1.7774,4.4224
1.9001,2.6347
-0.73,-0.31489
0.56714,-1.5576
1.7753,2.4497
-1.2857,-1.7061
1.7497,2.5641
-1.2583,-0.42739
0.98947,-2.1041
0.27894,1.4491
-0.46537,0.79594
-0.48854,0.57395
0.66581,-1.7276
0.41811,-1.2415
1.4626,2.4367
0.33525,1.1396
2.403,0.9141
0.39367,-0.18623
-1.4665,-0.70658
-0.12605,0.36992
-0.76337,-1.0122
2.1211,-0.94587
-0.41657,-0.92621
2.2642,3.7755
0.082321,-1.1938
-0.52001,-1.3001
-1.1807,-3.0847
-0.63362,-0.53597
-2.1519,-2.3043
0.40217,0.49959
-0.19504,0.12911
2.2308,1.2214
2.3999,2.2339
-0.6924,-0.41154
-0.16223,0.16535
-0.057558,-1.0356
0.17405,1.6606
0.44486,0.27424
-0.042691,1.1446
-0.19824,-0.35317
-0.36731,-0.20684
1.4658,-2.2992
-1.7868,-1.1064
1.0935,-0.47861
-0.8563,-2.7634
1.1066,0.39
-0.29052,0.39771
1.469,0.23335
-0.86565,-2.1657
-1.4043,0.42698
0.84792,3.1598
0.097521,1.4413
-0.33316,-0.94841
-0.99365,0.77312
-1.1436,-2.4557
0.66935,-0.01781
1.5696,2.8926
0.44797,-0.8271
-0.04865,-0.48497
2.0596,1.9359
-0.012816,1.3256
-0.28684,-0.73536
-0.52138,-1.8303
2.7392,1.1724
-0.47774,1.4438
-0.0040746,0.34616
-0.16489,1.6846
1.2031,-0.073129
-0.31775,-2.0138
-0.40617,-0.48664
0.63302,-0.90723
-0.49704,-0.23534
-0.72818,-0.34303
1.2496,-0.68653
0.92506,-0.30589
0.19709,-1.6142
-0.65118,-0.59352
0.53955,-0.59947
0.6026,0.64409
-0.56268,1.094
-1.0173,-0.64922
2.4542,-1.2276
-0.11274,1.2718
1.013,3.2218
-1.1719,-1.9173
0.55341,0.12468
-0.14287,0.70726
-0.18708,-0.73453
-1.1311,-0.26757
-0.84168,1.2529
0.41292,-2.2979
0.27051,-0.13216
1.1119,-0.13503
-2.418,1.8144
0.98498,0.89661
0.0039243,-0.90416
-0.92415,0.027493
-0.43856,0.31327
-0.81073,0.38905
1.3512,3.4197
0.66382,1.9874
1.176,2.7073
-0.40725,-1.4366
0.7815,-1.3393
0.16296,-1.3144
1.1387,-0.79409
-0.042322,0.47569
0.44242,0.97568
0.6467,0.47884
-0.51705,-1.8663
0.064634,-0.47752
-0.30754,1.0532
0.34772,1.0013
1.0058,0.26833
-0.20802,0.83106
-0.59741,-1.7693
1.6409,-1.073
0.22708,0.28071
-0.37702,-1.3763
0.42814,0.21452
-0.13205,0.92463
-0.88652,-0.047484
-0.18067,0.026185
-0.24024,-0.23082
-0.9362,-1.1955
1.3306,1.4047
0.44063,-0.011182
0.27691,-0.25295
0.76075,4.2154
0.13696,-1.6851
0.54583,-0.49491
1.6676,0.52803
1.7375,2.8707
-1.2546,-0.26556
-1.2945,0.6277
-0.96499,-0.94902
0.46936,1.9904
-1.7018,-0.49888
-1.7837,0.51593
0.0071147,1.0517
-2.0141,-0.84923
-0.37682,-0.45987
0.11562,-1.8592
-0.1407,0.21053
0.14005,0.33656
0.13119,0.5717
-0.40737,-0.51681
0.69438,0.58276
0.52641,-0.52076
0.34089,1.0135
0.071898,-2.5295
-0.43772,1.8076
0.41584,-1.1211
1.6951,-0.02598
0.36712,1.0272
1.5988,3.2864
-0.20783,1.7914
0.48846,-0.6412
-0.84155,0.9294
0.25808,1.4672
0.034554,0.73676
-3.0507,-0.67177
0.05527,2.1582
1.0424,0.47009
-1.4335,-1.5957
0.20737,-0.48594
0.84344,-2.1152
0.62328,-0.40065
0.66586,-0.16324
-1.7471,-0.60035
-0.69142,1.3007
1.0214,1.3484
1.3616,0.20451
0.28082,0.56118
1.3743,1.1569
1.4011,-0.54361
1.8977,2.91
2.2169,-0.19313
-2.6485,-0.35694
-1.2123,-2.7429
-0.78022,-2.2876
0.98407,1.5085
-0.83887,-0.3554
0.91642,0.28229
0.99272,2.234
-0.029265,-0.81877
-0.35839,0.96941
-0.44742,1.7536
-0.32534,1.0726
1.4056,-0.34143
0.96804,0.20244
-0.82151,0.42352
-1.8004,0.67765
1.7988,1.5292
0.75941,1.59
-0.32473,0.52926
1.3476,-0.015403
-0.17096,0.061145
-0.2922,-0.094071
1.9901,1.9097
1.8309,2.7601
0.071057,0.62527
1.2241,3.6916
1.9083,2.4617
0.052218,-0.31526
-0.31881,0.28431
0.70424,3.4144
-0.094564,0.33815
0.42238,0.83358
1.5866,1.285
1.0897,0.10457
-0.57157,-1.302
-3.0037,-2.1058
-0.65719,-2.5919
0.11242,1.2308
-0.4164,0.53236
0.62239,-0.074726
1.4815,0.22137
-0.83779,1.2738
1.8648,1.7273
2.0024,2.6406
2.4866,0.43361
-1.4254,-2.0248
-1.0468,-0.13096
-2.5007,-2.9317
-0.49223,1.3745
-1.2272,-0.76942
-0.36003,0.014642
-0.70342,-2.521
1.675,1.7517
-0.044736,-1.7893
-0.74877,-2.1615
0.0087426,1.0125
0.77583,1.3935
-1.0894,0.65501
0.74039,0.49719
1.5251,1.1378
0.28118,0.71264
1.7184,1.4139
-0.65954,-0.62342
-0.15371,0.29912
-2.0313,-0.83762
-0.41077,0.41239
1.5249,-0.49872
-0.62656,1.3834
1.4111,1.7855
1.2581,2.2706
1.6079,2.0734
-1.426,0.53505
1.0029,0.22816
0.34149,0.93116
-0.9524,0.22779
-0.97512,1.0683
-1.0122,1.461
-0.095074,1.0262
-2.4795,-1.0689
-0.65514,-0.56643
-1.0311,-0.14009
0.79597,-0.67873
0.20681,1.0275
1.7561,-0.40223
-0.78069,0.037335
0.39098,0.63767
-0.93417,-0.76671
0.058291,1.3623
0.60627,0.49354
2.0466,1.203
-1.2077,-1.2455
-0.56002,-2.7964
-0.51238,-1.0549
-2.2407,-3.1026
-2.918,-1.5334
-0.013986,0.80734
-1.0099,1.238
-0.57651,0.88623
0.50371,-1.1336
-0.47409,0.81519
-0.57709,-0.078965
0.27681,-1.5442
-0.27242,-2.0988
0.61366,-0.18334
-0.01254,0.82382
0.076242,0.96729
-0.37131,1.5461
-0.50087,0.83676
-0.67409,-1.2388
0.87701,1.1491
1.1255,-0.061641
2.0605,1.8006
-1.4219,-3.0028
1.1206,1.7073
1.3499,-2.0857
-0.59497,-0.48195
-1.0476,1.1327
0.30639,-1.6243
-1.252,-2.9604
-0.20225,1.4809
-0.85653,-0.1795
1.0202,-1.9043
-0.020325,2.0356
1.8209,1.3999
0.91252,0.77079
-0.059429,1.7231
1.1329,2.8726
-0.67441,-3.0695
0.21822,-0.23948
0.84535,-0.41948
-0.34265,-0.40509
-2.3205,-2.8643
-0.0094125,-3.218
-0.05606,-0.45124
0.23013,2.6688
-1.3299,2.2443
-0.74897,0.67933
-1.6757,-3.6438
0.62952,-1.9202
0.72247,-1.2073
-0.79034,-3.3175
0.56743,1.2193
-0.94368,-0.30395
-2.4956,-2.0079
-1.3278,-0.20763
1.3421,2.0961
0.98937,-0.84959
-0.64997,-1.939
1.5909,0.072603
0.95248,0.29717
-0.34412,-1.0627
-0.14683,0.94233
0.41293,-0.75385
-1.5627,0.53645
-0.72691,2.1111
-0.94135,-0.46947
-0.95651,-0.76235
0.47731,-0.9585
0.1041,-1.5921
-0.43699,0.83265
0.37033,-1.1433
-0.91161,-0.23515
-1.5198,-0.91712
-0.11887,-1.5405
-1.1674,2.2192
-1.038,-1.7241
0.92182,1.3929
-1.4819,3.1124
0.89751,1.4466
-0.66299,-2.179
-2.4232,-2.8243
0.2268,0.39864
1.168,1.8723
1.9324,0.66165
-0.71089,0.10086
-1.2425,-0.45416
0.4437,-2.7658
0.85334,2.6959
1.5209,0.3573
0.33765,-0.68655
1.0889,2.5737
0.99586,0.51035
-0.21463,-0.40253
0.2825,0.82781
0.011797,-1.243
0.57655,0.49348
0.37286,0.83748
0.024421,0.19563
1.0765,1.6202
0.010723,0.19619
0.60275,0.96587
-0.57914,0.93095
-1.7753,-2.8789
1.2915,-0.17214
0.67796,1.3649
-1.0797,-2.6571
0.11174,-1.6124
1.1091,2.1533
-0.42715,-0.59236
-1.2563,-1.411
0.32587,1.0647
-1.0349,1.1092
0.50123,-2.3839
0.20284,0.67278
0.81738,0.9935
-1.7169,1.0669
-1.5481,-1.4399
0.39102,0.91394
-0.5225,-2.4056
-1.2955,-4.3243
-0.46399,1.1506
0.56174,-3.0447
-0.49254,-1.0625
1.829,-1.5658
1.0127,0.54363
2.6059,3.4815
0.4104,2.428
-0.35049,-0.94028
0.61401,1.6984
-0.75327,0.15763
-0.39564,1.79
0.06061,-0.21715
0.38604,-2.3313
1.9941,3.6008
-1.4861,-0.41371
0.91031,-0.15504
1.6711,-1.3084
0.29138,-3.403
1.3783,0.27004
-0.8693,-1.4096
1.4105,0.75197
-0.64584,0.21673
1.2637,0.6707
-2.0363,-1.6303
-1.2284,0.39978
2.6872,0.43515
0.41492,1.6091
-0.3262,2.5577
-0.9225,-0.34753
0.2959,1.6087
-1.7095,-1.9407
-0.56575,0.28466
-0.85119,-1.0082
0.48824,0.27156
0.50928,-0.30447
0.46683,1.5137
1.5519,0.51999
0.57497,0.24716
0.30547,1.1058
-0.27161,-1.9795
1.6369,1.0021
-0.91833,1.6354
1.7477,1.8279
-0.48381,-1.2043
0.14041,1.5879
0.59412,3.3479
-0.66745,1.9247
-1.3845,0.91178
0.028276,-0.76707
0.66131,-0.13212
1.074,0.93998
-0.25585,-0.48224
1.4058,0.68067
-0.047369,0.99546
0.4734,-1.1954
0.19393,1.0443
-1.8764,-0.58438
-1.0799,1.6472
1.7666,2.915
0.49016,0.14549
0.58245,1.78
-0.55039,-0.73442
0.12724,-1.3997
0.53892,-2.9434
0.1629,-0.93459
-0.66167,-0.1611
-0.30935,-1.4866
-1.9702,0.41652
2.5259,-0.32657
2.6091,3.6885
-2.4193,0.14806
0.61949,-0.69193
-0.46013,0.74122
0.38008,1.2873
-0.29842,-1.2082
0.32193,-0.069189
-0.59899,0.97017
-0.71976,-1.3529
1.4881,-1.3866
1.4255,0.17369
0.38177,-2.394
-0.65111,-1.0339
1.3434,-0.31821
0.16817,-1.4286
0.74056,2.3204
-0.92069,-1.1541
1.476,1.0281
-0.38937,-0.18405
0.35296,-0.13733
0.48056,1.0437
0.52409,-0.65879
-0.66452,1.3866
0.73155,-1.4758
0.97603,1.2818
0.22854,-0.59816
-1.4552,-1.466
-1.2159,-1.2546
-0.7461,0.15661
-1.2401,-2.2166
-1.7071,-1.8697
0.51637,-0.40499
-1.6226,-2.4561
-1.4768,-1.0434
0.67614,-1.2794
1.7483,2.9758
0.27275,1.2393
2.2269,1.4721
-0.93069,-0.22556
1.9739,3.2051
-0.99376,0.18697
0.78159,0.94831
0.97075,-0.78563
0.40848,-0.061457
-0.031097,0.18642
2.1327,1.5141
-0.69137,1.2716
2.425,0.6344
0.38208,0.93684
1.5841,-0.29246
-1.4733,-1.3906
0.59169,3.0443
0.20936,-0.62316
-0.035218,-0.7966
-1.1686,-0.94842
-1.0163,-2.2822
-0.86409,-1.1864
-1.1374,-0.022713
1.2668,1.0722
0.005286,2.8058
-1.9376,-1.0143
1.5461,1.1703
0.1084,1.0085
1.2718,-1.1475
0.048317,1.4668
-0.21634,-1.5942
1.3039,0.45937
-1.1427,-1.5775
1.3113,0.94364
2.0516,1.4125
-0.25656,-0.86498
-1.1463,1.5133
0.87125,1.6173
-1.0064,-0.19436
1.7326,0.79234
-0.48975,0.069973
-0.5834,-0.64185
1.0985,0.36869
2.3646,1.4804
0.17903,-0.96459
1.2514,-1.4833
-0.41915,-0.18826
1.7689,-2.9931
-0.56949,-0.59829
-0.96324,1.8204
1.9307,2.7033
-0.12008,-3.1701
0.81251,0.89244
0.3776,-2.1444
0.47901,-1.3477
-1.2098,-0.89891
2.5437,2.5697
1.2876,1.2109
0.14431,-2.7229
1.5269,2.4295
-1.0066,-0.79741
0.21145,1.3298
-0.31653,-0.80269
0.30473,-2.1567
-0.78956,-0.38231
1.3909,0.48317
-1.2978,-3.2913
-1.154,-2.9451
-1.4143,-2.5571
-0.47154,-3.763
-0.27075,-1.306
1.7716,1.42
-0.76187,-0.55399
0.46314,2.3678
0.043234,-1.642
-0.2723,1.1952
-0.6661,0.054071
-0.83533,0.92635
-1.3638,-2.0663
0.39923,-1.2351
0.1033,0.71945
-0.14087,0.075955
0.80489,0.59974
-0.7028,-3.1097
1.6409,1.3575
0.54412,2.4464
0.81714,1.7911
-0.49318,-1.242
-0.44324,-0.62167
-0.11235,-1.0473
1.5731,-0.03258
0.90091,0.059408
-0.043938,0.78456
0.33622,1.047
1.1274,1.5683
1.4977,-0.88337
0.5367,1.3446
0.97981,2.6642
-0.16296,0.067269
0.8848,0.51019
0.3283,-0.86285
0.081479,-0.010316
1.6435,1.7569
0.28577,-1.3735
1.0281,0.29344
-2.1103,-1.2731
0.15446,2.1004
0.55129,2.1533
1.6134,3.7754
-0.30844,-1.4391
1.7418,2.7502
-0.62439,-1.3122
-0.9508,1.8779
0.83473,-0.80724
1.0968,-0.34004
1.8092,1.6615
-1.2636,-1.5171
-0.31919,2.6309
-1.3589,-1.237
-0.48573,0.7589
1.0313,1.4053
0.9163,1.1045
-0.13515,0.25273
-0.3111,-0.3706
0.40839,0.56365
0.073391,0.8495
0.15463,-0.90897
0.19042,0.57384
-0.20427,1.3751
0.71034,1.5795
-0.79803,0.92735
0.4156,1.2958
0.94582,-0.90408
-2.3787,-2.5678
1.122,0.029586
-1.7296,-0.16547
0.15825,0.039359
0.34885,2.1661
-0.55967,-0.83162
1.5545,1.7593
0.47164,-2.0337
-0.3546,-1.2964
0.81124,-0.0012286
-1.3039,-1.0061
0.23346,1.7005
-2.2609,-2.2739
0.17511,-0.93711
-1.4298,-0.76275
0.3968,2.7359
0.47635,-0.15219
0.051929,-1.2239
0.46037,0.90629
0.50373,0.92347
0.87404,-1.687
0.14766,2.2625
-0.16093,-0.14984
-0.33986,-1.3472
0.60254,1.2768
0.18817,-0.55856
-1.0019,-0.72045
0.1745,0.57696
0.94986,-1.6358
-0.9461,-0.70857
0.93583,1.5682
1.0182,1.5144
-0.0010455,0.75791
-0.83325,0.41756
-0.62875,1.0818
1.1049,-0.63745
-1.253,0.71196
-0.20231,-1.9954
0.29001,-0.32058
-0.74252,-1.3099
0.11172,-1.0861
0.53333,-0.30144
-0.40915,-0.095492
-0.046343,-2.0202
-0.018329,-0.27764
1.2127,0.92665
0.43819,-1.923
-0.14998,-2.0984
0.77605,-0.70616
-0.074962,-1.1502
0.067911,1.3228
0.36159,-0.649
-0.97032,-0.99765
0.69774,-0.13052
0.50942,-0.79681
1.5208,-0.58971
-1.7904,-0.5921
-0.14692,0.56542
1.8182,-0.083512
0.43517,0.015467
1.161,-0.54294
-0.29025,-1.6946
0.69837,-0.77742
1.654,0.87131
-1.5656,1.9318
0.82424,0.38358
0.92686,1.6008
-0.66773,-0.16084
-1.1645,1.5051
-1.2647,-1.8751
1.5931,1.3106
-1.507,-1.5191
1.43,2.9977
1.4275,0.22373
-0.95206,3.3626
-0.46247,2.0543
1.8661,1.514
0.29643,-1.6051
-0.14721,-0.86549
0.028662,-0.96798
0.2411,0.90436
-0.21385,-1.9035
-0.98718,0.81453
-1.2869,-3.2227
-1.5509,-1.9322
-2.2816,-1.6905
0.19728,0.34992
1.0489,0.79057
-0.57341,0.93926
-0.88577,0.40197
-0.18506,-2.382
0.24993,-2.6225
-0.26617,1.1715
0.25379,0.25843
3.4562,2.5532
1.2071,0.27449
0.38558,0.39398
-0.055108,-0.82011
0.3867,0.14312
-0.88557,-0.25061
2.3265,1.3593
-1.0293,-3.4704
1.001,2.2638
0.67325,1.3351
0.94618,-0.07093
-0.84222,-0.2596
-1.3908,1.3187
-0.29527,-1.1257
0.91807,1.7594
-0.12703,-2.6677
1.2318,1.6987
-0.12033,1.2615
0.24901,-1.0574
1.4957,-0.62962
0.60944,0.78893
-0.88214,-0.63892
-0.1179,0.28986
-0.71249,-1.222
0.079739,-0.89503
-0.41053,-3.782
-1.2221,-2.9567
0.6576,1.0853
0.40028,-1.7689
1.4157,0.94741
-0.86984,-1.959
0.72335,1.852
1.186,0.98622
0.4087,2.3936
-1.3122,-0.59109
-0.60099,-0.13214
-0.075575,-0.87963
0.14054,-0.81747
-0.082945,-0.22543
-0.1171,-2.1578
0.19451,-2.2101
1.2711,0.30089
0.90454,-1.0824
0.42868,1.6177
0.27024,-0.77478
1.4692,0.8281
0.2742,-1.6284
0.37247,0.71904
-0.80785,1.4828
0.9037,0.084544
-1.6192,-4.0521
-1.9973,-1.9365
-1.6443,-0.43786
0.27967,-0.53533
-0.51516,0.12736
-0.50515,2.1958
-1.8988,-1.8634
-1.1095,-1.2319
0.85315,-2.2302
0.041763,0.303
-1.2345,-2.4677
0.10696,-1.7981
2.0617,-0.74289
2.1461,0.21893
-0.19449,-1.0272
-0.25271,-1.0111
0.8251,4.4045
-0.98763,0.10609
-0.22789,-0.30441
-1.1543,-4.0403
0.47098,-4.0901
-0.23418,2.17
0.19478,-0.67322
1.281,-0.57511
0.48892,-1.1507
-0.19633,0.9435
-0.69716,-0.95025
0.95634,-1.6617
-1.8828,-1.9005
1.192,-0.10916
0.28299,-0.71991
1.2783,0.77418
0.25534,-0.011217
-0.86748,0.30398
-0.64549,-1.0416
0.044413,0.074533
2.2575,-0.29728
-1.4841,-1.7489
0.044252,-0.2737
-0.2843,-1.7404
1.7395,1.492
1.1577,0.49095
-0.24829,3.4336
-0.56931,0.84533
-2.366,-3.3358
-1.1828,-0.072688
-0.46397,-0.83076
0.15884,0.10177
0.96523,1.5012
-0.84776,-1.5435
2.336,1.1025
0.56246,0.20238
1.4653,1.5156
3.1142,1.2148
-0.20556,-0.10397
0.032179,-0.84947
0.077148,0.4646
-0.4922,-0.65942
-0.99945,0.53053
-0.4585,0.43335
0.79295,1.9829
0.56006,-1.5639
0.78368,-0.33976
0.086632,0.29137
-0.92005,-3.2541
0.20304,0.37398
-0.36707,-0.58941
-0.58046,-1.2518
0.78282,-1.2033
-0.22953,-2.3716
-0.14088,0.702
1.0299,1.5094
0.74853,-0.25842
-1.1979,-0.81756
-1.2189,0.033816
-0.76212,0.53826
-1.3249,-1.2433
-0.016074,3.5413
1.3783,2.1487
0.85248,-0.23989
0.14356,2.1996
-1.261,-0.88295
-1.5984,-2.3976
0.82882,-0.93318
-1.2436,-1.6195
0.14456,-1.7818
1.2098,0.39674
-0.58759,2.8453
-1.7292,-0.94869
-1.5344,-0.72087
-0.57397,-2.3934
1.2381,-2.7638
-1.0013,-3.9793
-1.3592,-2.3879
-2.4606,0.99754
0.93691,2.7174
-0.5554,-2.4523
-0.32458,-0.74226
-1.4221,-1.4508
-0.2957,0.0078565
-0.20567,0.90364
-0.060862,-0.34914
-0.22447,-2.6638
-1.2797,-0.38818
0.38882,-2.4892
-0.44761,0.50436
-0.23042,0.1992
-0.72517,-1.8805
-0.42119,0.08164
0.44608,-1.0692
0.06511,-1.0317
-0.32845,-0.91172
-0.11107,1.8099
-0.98956,1.5768
0.50952,0.64903
-0.73083,-2.1598
2.2249,1.3955
0.025571,3.5995
0.0022974,-1.1919
-0.87143,-0.089501
-0.35611,2.0443
-0.0997,0.49479
1.7562,-0.8635
-0.81564,-2.2127
-0.78927,-0.35608
0.77781,0.043948
0.90988,1.2978
-0.5077,-0.1303
-0.93104,-1.1585
-0.27029,0.09231
0.39288,-0.11942
1.7156,1.7051
2.1637,-0.32693
0.2538,-1.4712
-0.59977,-0.30542
0.34772,1.4299
1.2185,1.7348
-1.0326,-1.9396
-0.62829,-0.85202
1.438,0.54974
-0.73196,-0.67341
0.74496,1.8041
-1.5335,0.7695
0.70748,-0.49793
-0.73318,-1.2265
1.6099,0.32077
-0.42309,-1.726
-0.058491,1.3435
2.2188,0.71139
-0.4533,0.29394
-1.0808,0.68567
0.42544,0.14107
0.40196,1.8378
-1.1576,-1.0113
-0.15333,1.9021
0.80351,1.735
0.84285,2.2225
0.46035,-0.119
0.49194,1.1354
0.68625,2.708
0.86906,1.4084
0.12903,3.1133
1.128,1.5401
-1.1339,-1.9014
-0.20275,-0.28843
-0.6087,-2.7673
-0.12137,1.4355
-0.0074953,-1.1288
0.64829,1.2892
-0.0062067,-0.62484
0.2318,-0.30007
0.47718,0.91351
-0.16958,1.2563
-1.2941,0.44669
-0.50989,-0.83247
-0.63608,-1.6943
-0.57494,-1.1235
0.091488,-0.059241
0.31691,1.4339
0.00013754,1.6402
-0.61788,-1.6162
0.49371,-0.84396
-1.2156,-2.2639
-2.9436,-1.5456
-0.049436,0.161
0.66518,-0.41927
-1.9073,0.7159
-1.4212,0.8869
-0.35623,-1.3979
0.48564,-0.070114
-1.4855,-0.85572
-1.5508,-1.6859
-0.11913,0.58567
0.83575,-0.13612
0.59183,1.2804
-0.84384,-1.3074
0.34422,0.13868
-0.22419,1.5379
0.78612,-0.51848
-0.81085,-1.365
0.093072,-1.0094
-2.0218,-0.37565
-0.92612,-0.76468
-0.05145,1.7654
-1.2341,0.46669
0.39506,-0.27708
0.065906,-1.0485
0.58195,0.33223
-0.26522,3.1805
2.9158,3.1979
0.085898,-0.86905
-0.01853,1.7826
0.94517,2.9294
0.24335,-1.3706
-0.35955,-1.3856
-0.034647,1.0338
-1.8244,-0.80034
-0.38458,-1.2837
-1.2033,1.0792
-0.13034,-0.65064
-0.99242,-0.30379
0.037438,1.5597
-1.6654,-1.4598
0.19908,1.5381
-0.45379,-0.61749
0.13679,-0.17687
1.0821,-0.73238
-0.22028,0.79095
0.22443,2.7042
-0.65769,-0.65234
2.3178,2.5942
0.91255,1.9632
-0.7469,-0.70577
-0.0052295,-1.1607
1.0037,-0.54089
0.70677,0.17879
0.9342,0.53351
-0.13753,0.10694
0.72244,2.3587
2.5431,-2.4552
-0.18168,-0.19764
0.11278,-0.10755
-0.52172,-0.55555
-0.17331,0.058258
-0.14269,2.3639
1.6868,-0.48346
-1.1225,3.3801
1.3208,-0.23774
0.24377,0.45768
0.30423,0.96358
-0.70444,0.77696
-1.7744,-0.41431
-0.52326,3.6347
-1.0093,-0.52188
0.40025,3.0709
1.3848,2.0397
0.19296,-0.6389
0.11633,-2.0106
0.23591,1.2037
-0.55961,0.44815
-0.3484,-0.82716
0.40175,-2.6892
0.76618,1.2456
-0.6497,1.253
-0.62067,0.073545
0.58843,1.0603
-0.36045,-1.0296
-1.692,-0.15974
-1.3548,-0.68579
-0.13179,1.7716
0.31008,1.7647
1.147,0.72085
0.44211,0.64468
-0.57912,0.46367
1.0126,-1.1495
-0.73463,-0.75464
-0.158,2.7134
-0.30073,-3.1674
-0.33428,-1.058
-1.2964,-1.0876
-0.21762,-1.6948
-1.0595,0.12684
0.80868,2.2499
0.011854,-0.024813
1.06,1.7115
1.0889,-1.0178
-0.18421,0.26035
0.85608,0.95511
0.51395,2.5406
-0.97185,-0.41454
0.098425,3.4587
0.67222,0.15642
-0.61108,1.0617
-1.9048,1.941
-0.65866,-0.70955
0.94364,0.17127
1.2567,-2.101
0.58605,0.0082746
-1.6779,-2.7276
0.72176,-0.17984
0.075034,-1.2811
0.84591,1.2489
0.65648,0.2809
0.41421,0.89719
1.3395,2.3397
0.7253,1.7656
0.61295,0.58142
0.55906,0.28779
1.1106,-0.25952
-0.61181,-2.4379
-0.96056,-0.72663
1.2653,-0.095427
0.13832,-1.5283
0.20837,1.5992
0.42977,1.0204
-1.5404,2.4692
1.4075,0.27507
-2.8181,-1.8779
0.73204,0.47331
0.10517,-1.2036
1.1087,0.80026
-0.61933,1.5753
-0.59003,0.45894
0.02649,-1.5755
0.76161,1.8223
0.13515,1.0358
0.52331,1.0982
-0.19376,-0.85209
1.574,1.4235
0.78464,1.1968
-0.53572,-2.869
0.40965,1.522
0.2683,-0.13584
0.84193,1.7311
-0.98477,0.29352
-0.97653,0.10993
-0.63424,0.60647
-0.68401,0.30699
0.78144,-0.8347
-1.4132,-0.023172
0.37947,-0.12094
0.11457,-0.8414
-0.2589,1.7393
-1.8052,0.57987
0.46695,0.92063
-0.51737,-1.8781
-0.46663,-0.16921
-0.45325,0.3789
0.51351,0.32814
-1.4328,-1.2905
0.20888,2.5067
-2.769,0.93392
2.4442,1.7764
0.18089,0.2128
-0.71467,0.40249
-1.6327,2.1043
0.7269,1.5693
1.5444,0.55241
-1.4227,1.127
0.51723,-0.16363
-0.26863,0.0061156
1.6384,-0.02821
1.1293,-0.39947
0.61076,-1.5305
0.95704,2.8214
-1.3039,-2.319
0.346,1.3925
0.78365,-0.70131
0.52214,0.38249
0.10895,-0.64593
0.64248,-0.42834
0.68386,0.014482
-1.6525,-0.099043
0.21256,1.8365
-0.9919,-1.1264
1.0419,1.9493
-1.0452,-2.6372
-1.008,-4.4624
-0.95743,-0.69126
-0.23068,1.4109
0.22403,-0.61342
0.19429,1.0653
2.1168,-0.21701
-0.60977,-1.7114
-0.13001,0.0097568
0.41068,0.92333
0.24326,3.1406
0.70767,1.4404
-1.0976,-0.67071
-0.041589,-1.5531
0.44276,0.4348
-1.3363,-1.901
-0.88286,1.0266
-1.9419,-0.75222
-0.10799,-0.92776
-1.8935,-0.079526
0.49537,-0.14866
-0.92346,0.57319
-0.68786,1.5982
-0.14749,-3.3562
-1.624,-0.94498
-1.1789,-2.0822
-2.0546,-0.40782
0.93329,-1.0662
0.21655,0.94014
-0.43037,-1.798
-0.35522,1.5365
-0.16642,-0.23729
1.2193,1.1126
-0.42619,-1.1558
0.4113,-0.56714
0.38847,2.0748
-1.4772,1.531
0.019962,-0.63135
0.845,2.6204
-1.3449,-0.53849
0.46183,-1.4665
-2.7433,-1.9663
-1.1025,-2.6912
-1.2048,0.039111
-0.090867,-1.1359
0.96457,-1.0706
-0.35171,0.57055
-1.1282,0.89047
0.61028,0.059429
0.026545,-0.074674
-0.69819,-3.2143
1.4281,-0.28175
1.9916,1.8735
-0.87472,-0.3703
-0.33882,1.597
0.16181,0.10236
1.8038,2.8155
-0.58259,-0.30729
0.29059,0.51294
-0.68852,-2.1384
-0.28319,0.050939
1.4143,-0.40275
-1.0273,-0.36064
-1.1935,-2.3753
0.081574,-0.72703
-1.878,0.077688
-0.58971,-2.2642
-0.49284,-0.81573
-0.54567,0.64485
0.48082,-1.9557
-1.8377,-1.7488
-0.41575,-2.1453
0.67111,3.8024
-1.3295,-2.3691
0.44138,-1.5007
0.2623,0.015972
-1.3553,-0.30598
-0.9731,-1.2368
0.47237,-0.86734
-0.15531,-0.67909
-0.073495,0.5241
0.8947,1.6836
-2.0986,-2.0692
2.0329,0.27728
-0.48473,0.26471
-1.0956,-1.3471
-0.13015,-0.54871
0.25579,1.7528
-0.28498,0.37973
-0.37816,1.913
0.10472,-0.60519
1.0109,-1.3769
-0.23625,0.56191
1.4838,0.96826
0.44736,3.3196
-1.0073,-0.63157
-0.70376,-0.94946
-0.38847,-2.146
0.29118,0.48922
1.0608,2.1845
